USE david_jones_eofy_sql_analytics;

-- Dummy Data Insertion --
INSERT INTO PLATFORM (
    Platform_ID,
    Platform_Name,
    Platform_CommissionRate
)
VALUES
    (10001, 'Facebook', 0.05),
    (10002, 'TikTok', 0.06),
    (10003, 'Instagram', 0.055),
    (10004, 'X', 0.045),
    (10005, 'YouTube', 0.065);

INSERT INTO CUSTOMER (
    Customer_ID,
    Customer_FirstName,
    Customer_LastName,
    Customer_PhoneNo,
    Customer_Address,
    Customer_Email
)
VALUES
    (20001, 'Olivia', 'Bennett', '+61412034567', '14 Collins Street, Melbourne VIC 3000', 'olivia.bennett@gmail.com'),
    (20002, 'Liam', 'Harris', '+61413045678', '22 George Street, Sydney NSW 2000', 'liam.harris@outlook.com'),
    (20003, 'Charlotte', 'Wilson', '+61414056789', '8 Queen Street, Brisbane QLD 4000', 'charlotte.wilson@yahoo.com'),
    (20004, 'Noah', 'Taylor', '+61415067890', '31 King William Street, Adelaide SA 5000', 'noah.taylor@gmail.com'),
    (20005, 'Amelia', 'Martin', '+61416078901', '45 Murray Street, Perth WA 6000', 'amelia.martin@outlook.com'),
    (20006, 'Jack', 'Thompson', '+61417089012', '19 Elizabeth Street, Hobart TAS 7000', 'jack.thompson@yahoo.com'),
    (20007, 'Isla', 'Anderson', '+61418090123', '67 Northbourne Avenue, Canberra ACT 2601', 'isla.anderson@gmail.com'),
    (20008, 'William', 'Clark', '+61419012345', '52 Smith Street, Darwin NT 0800', 'william.clark@outlook.com'),
    (20009, 'Mia', 'Walker', '+61421023456', '11 Chapel Street, South Yarra VIC 3141', 'mia.walker@yahoo.com'),
    (20010, 'Henry', 'Scott', '+61422034567', '90 Pitt Street, Sydney NSW 2000', 'henry.scott@gmail.com'),
    (20011, 'Ava', 'Green', '+61423045678', '27 Ann Street, Brisbane QLD 4000', 'ava.green@outlook.com'),
    (20012, 'Lucas', 'Hall', '+61424056789', '6 Rundle Mall, Adelaide SA 5000', 'lucas.hall@yahoo.com'),
    (20013, 'Sophie', 'King', '+61425067890', '35 Hay Street, Perth WA 6000', 'sophie.king@gmail.com'),
    (20014, 'Ethan', 'Wright', '+61426078901', '18 Macquarie Street, Hobart TAS 7000', 'ethan.wright@outlook.com'),
    (20015, 'Grace', 'Mitchell', '+61427089012', '76 London Circuit, Canberra ACT 2601', 'grace.mitchell@yahoo.com'),
    (20016, 'James', 'Roberts', '+61428090123', '42 Mitchell Street, Darwin NT 0800', 'james.roberts@gmail.com'),
    (20017, 'Ella', 'Turner', '+61429012345', '21 Bourke Street, Melbourne VIC 3000', 'ella.turner@outlook.com'),
    (20018, 'Benjamin', 'Phillips', '+61431023456', '59 Oxford Street, Sydney NSW 2021', 'benjamin.phillips@yahoo.com'),
    (20019, 'Ruby', 'Campbell', '+61432034567', '17 Adelaide Street, Brisbane QLD 4000', 'ruby.campbell@gmail.com'),
    (20020, 'Alexander', 'Parker', '+61433045678', '73 Grenfell Street, Adelaide SA 5000', 'alexander.parker@outlook.com'),
    (20021, 'Chloe', 'Evans', '+61434056789', '29 St Georges Terrace, Perth WA 6000', 'chloe.evans@yahoo.com'),
    (20022, 'Mason', 'Edwards', '+61435067890', '12 Liverpool Street, Hobart TAS 7000', 'mason.edwards@gmail.com'),
    (20023, 'Zoe', 'Collins', '+61436078901', '84 Bunda Street, Canberra ACT 2601', 'zoe.collins@outlook.com'),
    (20024, 'Thomas', 'Stewart', '+61437089012', '5 Cavenagh Street, Darwin NT 0800', 'thomas.stewart@yahoo.com'),
    (20025, 'Lily', 'Morris', '+61438090123', '101 Swanston Street, Melbourne VIC 3000', 'lily.morris@gmail.com');

INSERT INTO SHIPPING (
    Shipping_ID,
    Shipping_FirstName,
    Shipping_LastName,
    Shipping_Address,
    Shipping_Email,
    Shipping_PhoneNo
)
VALUES
    (30001, 'Olivia', 'Bennett', '14 Collins Street, Melbourne VIC 3000', 'olivia.bennett@gmail.com', '+61412034567'),
    (30002, 'Liam', 'Harris', '22 George Street, Sydney NSW 2000', 'liam.harris@outlook.com', '+61413045678'),
    (30003, 'Charlotte', 'Wilson', '8 Queen Street, Brisbane QLD 4000', 'charlotte.wilson@yahoo.com', '+61414056789'),
    (30004, 'Noah', 'Taylor', '31 King William Street, Adelaide SA 5000', 'noah.taylor@gmail.com', '+61415067890'),
    (30005, 'Amelia', 'Martin', '45 Murray Street, Perth WA 6000', 'amelia.martin@outlook.com', '+61416078901'),
    (30006, 'Jack', 'Thompson', '19 Elizabeth Street, Hobart TAS 7000', 'jack.thompson@yahoo.com', '+61417089012'),
    (30007, 'Isla', 'Anderson', '67 Northbourne Avenue, Canberra ACT 2601', 'isla.anderson@gmail.com', '+61418090123'),
    (30008, 'William', 'Clark', '52 Smith Street, Darwin NT 0800', 'william.clark@outlook.com', '+61419012345'),
    (30009, 'Mia', 'Walker', '11 Chapel Street, South Yarra VIC 3141', 'mia.walker@yahoo.com', '+61421023456'),
    (30010, 'Henry', 'Scott', '90 Pitt Street, Sydney NSW 2000', 'henry.scott@gmail.com', '+61422034567'),
    (30011, 'Ava', 'Green', '27 Ann Street, Brisbane QLD 4000', 'ava.green@outlook.com', '+61423045678'),
    (30012, 'Lucas', 'Hall', '6 Rundle Mall, Adelaide SA 5000', 'lucas.hall@yahoo.com', '+61424056789'),
    (30013, 'Sophie', 'King', '35 Hay Street, Perth WA 6000', 'sophie.king@gmail.com', '+61425067890'),
    (30014, 'Ethan', 'Wright', '18 Macquarie Street, Hobart TAS 7000', 'ethan.wright@outlook.com', '+61426078901'),
    (30015, 'Grace', 'Mitchell', '76 London Circuit, Canberra ACT 2601', 'grace.mitchell@yahoo.com', '+61427089012'),
    (30016, 'James', 'Roberts', '42 Mitchell Street, Darwin NT 0800', 'james.roberts@gmail.com', '+61428090123'),
    (30017, 'Ella', 'Turner', '21 Bourke Street, Melbourne VIC 3000', 'ella.turner@outlook.com', '+61429012345'),
    (30018, 'Benjamin', 'Phillips', '59 Oxford Street, Sydney NSW 2021', 'benjamin.phillips@yahoo.com', '+61431023456'),
    (30019, 'Ruby', 'Campbell', '17 Adelaide Street, Brisbane QLD 4000', 'ruby.campbell@gmail.com', '+61432034567'),
    (30020, 'Alexander', 'Parker', '73 Grenfell Street, Adelaide SA 5000', 'alexander.parker@outlook.com', '+61433045678'),
    (30021, 'Chloe', 'Evans', '29 St Georges Terrace, Perth WA 6000', 'chloe.evans@yahoo.com', '+61434056789'),
    (30022, 'Mason', 'Edwards', '12 Liverpool Street, Hobart TAS 7000', 'mason.edwards@gmail.com', '+61435067890'),
    (30023, 'Zoe', 'Collins', '84 Bunda Street, Canberra ACT 2601', 'zoe.collins@outlook.com', '+61436078901'),
    (30024, 'Thomas', 'Stewart', '5 Cavenagh Street, Darwin NT 0800', 'thomas.stewart@yahoo.com', '+61437089012'),
    (30025, 'Lily', 'Morris', '101 Swanston Street, Melbourne VIC 3000', 'lily.morris@gmail.com', '+61438090123');

INSERT INTO PRODUCT (
    Product_SKU,
    Product_Name,
    Product_Category,
    Product_Price,
    Product_QuantityInStock
)
VALUES
    (40001, 'Country Road Linen Shirt', 'Women Fashion', 129.95, 85),
    (40002, 'Trenery Wool Blend Coat', 'Women Fashion', 349.00, 42),
    (40003, 'Seed Heritage Knit Jumper', 'Women Fashion', 99.95, 70),
    (40004, 'Calvin Klein Slim Fit Shirt', 'Men Fashion', 119.00, 64),
    (40005, 'Politix Tailored Blazer', 'Men Fashion', 299.00, 35),
    (40006, 'R.M. Williams Leather Belt', 'Accessories', 149.00, 58),
    (40007, 'Mimco Crossbody Bag', 'Accessories', 249.00, 31),
    (40008, 'Oroton Leather Wallet', 'Accessories', 179.00, 44),
    (40009, 'Nike Air Max Sneakers', 'Footwear', 189.99, 76),
    (40010, 'Adidas Ultraboost Shoes', 'Footwear', 219.99, 53),
    (40011, 'Clinique Moisture Surge Cream', 'Beauty', 74.00, 120),
    (40012, 'Estee Lauder Night Repair Serum', 'Beauty', 165.00, 90),
    (40013, 'Dior Sauvage Eau de Parfum', 'Fragrance', 185.00, 68),
    (40014, 'Chanel Coco Mademoiselle', 'Fragrance', 210.00, 52),
    (40015, 'Dyson Supersonic Hair Dryer', 'Electrical', 599.00, 27),
    (40016, 'Breville Barista Express Coffee Machine', 'Home Appliances', 749.00, 21),
    (40017, 'Sheridan Cotton Quilt Cover Set', 'Home', 229.00, 39),
    (40018, 'Salt&Pepper Dinner Set', 'Home', 139.00, 62),
    (40019, 'Scanpan Classic Frypan', 'Kitchen', 159.00, 47),
    (40020, 'Tefal Non-Stick Cookware Set', 'Kitchen', 299.00, 33),
    (40021, 'Apple AirPods Pro', 'Technology', 399.00, 48),
    (40022, 'Samsung Galaxy Watch', 'Technology', 449.00, 29),
    (40023, 'Lego Creator Expert Set', 'Toys', 179.99, 41),
    (40024, 'Bonds Kids Pyjama Set', 'Kids', 39.95, 110),
    (40025, 'Polo Ralph Lauren Kids Polo Shirt', 'Kids', 89.95, 73);

INSERT INTO ADVERTISEMENT (
    Ad_ID,
    Platform_ID,
    Ad_Name,
    Ad_StartDate,
    Ad_EndDate
)
VALUES
    (50001, 10001, 'David Jones EOFY Fashion Clearance Facebook Ad', '2026-06-01 08:00:00', '2026-06-30 23:59:59'),
    (50002, 10001, 'David Jones Beauty Bonus Facebook Ad', '2026-06-01 08:00:00', '2026-06-30 23:59:59'),
    (50003, 10001, 'David Jones Homewares EOFY Facebook Ad', '2026-06-02 08:00:00', '2026-06-30 23:59:59'),
    (50004, 10001, 'David Jones Designer Accessories Facebook Ad', '2026-06-03 08:00:00', '2026-06-30 23:59:59'),
    (50005, 10001, 'David Jones EOFY Free Delivery Facebook Ad', '2026-06-04 08:00:00', '2026-06-30 23:59:59'),
    (50006, 10002, 'David Jones EOFY TikTok Fashion Reel', '2026-06-01 08:00:00', '2026-06-30 23:59:59'),
    (50007, 10002, 'David Jones Beauty Haul TikTok Ad', '2026-06-02 08:00:00', '2026-06-30 23:59:59'),
    (50008, 10002, 'David Jones Winter Wardrobe TikTok Ad', '2026-06-03 08:00:00', '2026-06-30 23:59:59'),
    (50009, 10002, 'David Jones Luxury Gifts TikTok Ad', '2026-06-04 08:00:00', '2026-06-30 23:59:59'),
    (50010, 10002, 'David Jones EOFY Final Days TikTok Ad', '2026-06-10 08:00:00', '2026-06-30 23:59:59'),
    (50011, 10003, 'David Jones Instagram EOFY Style Edit', '2026-06-01 08:00:00', '2026-06-30 23:59:59'),
    (50012, 10003, 'David Jones Instagram Beauty Sale Story', '2026-06-02 08:00:00', '2026-06-30 23:59:59'),
    (50013, 10003, 'David Jones Instagram Home Sale Carousel', '2026-06-03 08:00:00', '2026-06-30 23:59:59'),
    (50014, 10003, 'David Jones Instagram Footwear Sale', '2026-06-04 08:00:00', '2026-06-30 23:59:59'),
    (50015, 10003, 'David Jones Instagram EOFY Luxe Picks', '2026-06-05 08:00:00', '2026-06-30 23:59:59'),
    (50016, 10004, 'David Jones X EOFY Flash Sale Post', '2026-06-01 08:00:00', '2026-06-30 23:59:59'),
    (50017, 10004, 'David Jones X Beauty Deal Post', '2026-06-02 08:00:00', '2026-06-30 23:59:59'),
    (50018, 10004, 'David Jones X Home Essentials Sale', '2026-06-03 08:00:00', '2026-06-30 23:59:59'),
    (50019, 10004, 'David Jones X Final Week EOFY Reminder', '2026-06-10 08:00:00', '2026-06-30 23:59:59'),
    (50020, 10004, 'David Jones X Luxury Accessories Offer', '2026-06-11 08:00:00', '2026-06-30 23:59:59'),
    (50021, 10005, 'David Jones YouTube EOFY Sale Pre-Roll', '2026-06-01 08:00:00', '2026-06-30 23:59:59'),
    (50022, 10005, 'David Jones YouTube Beauty EOFY Campaign', '2026-06-02 08:00:00', '2026-06-30 23:59:59'),
    (50023, 10005, 'David Jones YouTube Home Sale Campaign', '2026-06-03 08:00:00', '2026-06-30 23:59:59'),
    (50024, 10005, 'David Jones YouTube Technology Deals', '2026-06-04 08:00:00', '2026-06-30 23:59:59'),
    (50025, 10005, 'David Jones YouTube EOFY Last Chance', '2026-06-10 08:00:00', '2026-06-30 23:59:59');

INSERT INTO SHOP_ORDER (
    Order_ID,
    Customer_ID,
    Shipping_ID,
    Ad_ID,
    Order_Date,
    Order_CommissionRate,
    Order_AdClickID,
    Order_AdClickTime
)
VALUES
    (60001, 20001, 30001, NULL,  '2026-06-05 09:30:02', NULL,  NULL,   NULL),
    (60002, 20002, 30002, 50006, '2026-06-05 19:50:00', 0.06,  70001,  '2026-06-05 19:35:00'),
    (60003, 20003, 30003, 50011, '2026-06-06 12:05:44', 0.055, 70002,  '2026-06-06 11:48:52'),
    (60004, 20004, 30004, NULL,  '2026-06-06 13:15:08', NULL,  NULL,   NULL),
    (60005, 20005, 30005, 50021, '2026-06-06 18:30:11', 0.065, 70003,  '2026-06-06 18:12:03'),
    (60006, 20006, 30006, NULL,  '2026-06-07 10:45:00', NULL,  NULL,   NULL),
    (60007, 20007, 30007, 50002, '2026-06-07 20:10:01', 0.06,  70004,  '2026-06-07 19:52:00'),
    (60008, 20008, 30008, 50012, '2026-06-08 14:25:09', 0.055, 70005,  '2026-06-08 14:02:00'),
    (60009, 20009, 30009, 50017, '2026-06-08 15:40:08', 0.045, 70006,  '2026-06-08 15:21:00'),
    (60010, 20010, 30010, 50022, '2026-06-08 19:15:10', 0.065, 70007,  '2026-06-08 18:57:00'),
    (60011, 20001, 30001, NULL,  '2026-06-09 09:55:00', NULL,  NULL,   NULL),
    (60012, 20002, 30002, 50024, '2026-06-10 04:30:45', 0.05,  70008,  '2026-06-10 02:11:02'),
    (60013, 20011, 30011, 50013, '2026-06-10 13:20:27', 0.055, 70009,  '2026-06-10 12:58:04'),
    (60014, 20012, 30012, 50018, '2026-06-10 14:50:00', 0.045, 70010,  '2026-06-10 14:29:10'),
    (60015, 20013, 30013, NULL,  '2026-06-10 19:45:25', NULL, NULL,   NULL),
    (60016, 20014, 30014, 50003, '2026-06-11 11:05:22', 0.05,  70011,  '2026-06-11 10:46:03'),
    (60017, 20015, 30015, 50009, '2026-06-11 18:40:08', 0.06,  70012,  '2026-06-11 18:16:05'),
    (60018, 20016, 30016, NULL,  '2026-06-11 20:35:44', NULL,  NULL,   NULL),
    (60019, 20017, 30017, 50019, '2026-06-12 12:10:32', 0.045, 70013,  '2026-06-12 11:47:22'),
    (60020, 20018, 30018, 50024, '2026-06-12 13:11:06', 0.065, 70014,  '2026-06-12 13:09:48'),
    (60021, 20019, 30019, 50005, '2026-06-13 10:15:42', 0.05,  70015,  '2026-06-13 09:58:09'),
    (60022, 20020, 30020, 50010, '2026-06-13 05:00:03', 0.06,  70016,  '2026-06-13 04:53:10'),
    (60023, 20021, 30021, 50015, '2026-06-14 16:20:08', 0.055, 70017,  '2026-06-14 15:57:11'),
    (60024, 20022, 30022, NULL,  '2026-06-14 17:45:43', NULL,  NULL,   NULL),
    (60025, 20023, 30023, 50025, '2026-06-14 21:40:24', 0.065, 70018,  '2026-06-14 21:18:04'),
    (60026, 20024, 30024, 50005, '2026-06-15 09:20:45', 0.05,  70019,  '2026-06-15 09:03:03'),
    (60027, 20025, 30025, 50010, '2026-06-15 22:50:32', 0.06,  70020,  '2026-06-15 22:27:02'),
    (60028, 20003, 30003, NULL,  '2026-06-16 12:35:17', NULL,  NULL,   NULL),
    (60029, 20010, 30010, NULL,  '2026-06-17 10:05:24', NULL,  NULL,   NULL);

INSERT INTO ORDER_PRODUCT (
    Order_ID,
    Product_SKU,
    Product_Quantity,
    Product_PriceAtCheckout
)
VALUES
    (60001, 40001, 2, 89.95),
    (60002, 40009, 1, 149.99),
    (60003, 40011, 2, 59.00),
    (60004, 40018, 1, 99.00),
    (60005, 40021, 1, 349.00),
    (60006, 40012, 1, 129.00),
    (60007, 40003, 3, 69.95),
    (60008, 40007, 1, 199.00),
    (60009, 40019, 2, 119.00),
    (60010, 40013, 1, 149.00),
    (60011, 40002, 1, 279.00),
    (60012, 40010, 1, 179.99),
    (60013, 40017, 2, 169.00),
    (60014, 40020, 1, 239.00),
    (60015, 40016, 1, 649.00),
    (60016, 40015, 1, 529.00),
    (60017, 40004, 2, 89.00),
    (60018, 40014, 1, 179.00),
    (60019, 40006, 1, 119.00),
    (60020, 40022, 1, 399.00),
    (60021, 40008, 2, 139.00),
    (60022, 40005, 1, 249.00),
    (60023, 40023, 1, 139.99),
    (60024, 40024, 4, 29.95),
    (60025, 40025, 2, 69.95),
    (60026, 40001, 1, 89.95),
    (60027, 40012, 2, 129.00),
    (60027, 40020, 1, 239.00),
    (60028, 40001, 2, 89.95),
    (60029, 40007, 1, 199.00);

INSERT INTO PAYMENT (
    Payment_ID,
    Customer_ID,
    Order_ID,
    Payment_Method,
    Payment_Status
)
VALUES
    (70001, 20001, 60001, 'Credit Card', 'Paid'),
    (70002, 20002, 60002, 'PayPal', 'Paid'),
    (70003, 20003, 60003, 'Afterpay', 'Paid'),
    (70004, 20004, 60004, 'Debit Card', 'Paid'),
    (70005, 20005, 60005, 'Credit Card', 'Paid'),
    (70006, 20006, 60006, 'PayPal', 'Paid'),
    (70007, 20007, 60007, 'Afterpay', 'Pending'),
    (70008, 20008, 60008, 'Credit Card', 'Paid'),
    (70009, 20009, 60009, 'Debit Card', 'Paid'),
    (70010, 20010, 60010, 'PayPal', 'Paid'),
    (70011, 20001, 60011, 'Credit Card', 'Paid'),
    (70012, 20002, 60012, 'Afterpay', 'Paid'),
    (70013, 20011, 60013, 'Debit Card', 'Paid'),
    (70014, 20012, 60014, 'Credit Card', 'Refunded'),
    (70015, 20013, 60015, 'PayPal', 'Paid'),
    (70016, 20014, 60016, 'Credit Card', 'Paid'),
    (70017, 20015, 60017, 'Afterpay', 'Pending'),
    (70018, 20016, 60018, 'Debit Card', 'Paid'),
    (70019, 20017, 60019, 'PayPal', 'Paid'),
    (70020, 20018, 60020, 'Credit Card', 'Paid'),
    (70021, 20019, 60021, 'Afterpay', 'Paid'),
    (70022, 20020, 60022, 'Credit Card', 'Paid'),
    (70023, 20021, 60023, 'Debit Card', 'Paid'),
    (70024, 20022, 60024, 'PayPal', 'Failed'),
    (70025, 20023, 60025, 'Credit Card', 'Paid'),
    (70026, 20024, 60026, 'Debit Card', 'Paid'),
    (70027, 20025, 60027, 'Afterpay', 'Paid'),
    (70028, 20003, 60028, 'Credit Card', 'Paid'),
    (70029, 20010, 60029, 'Credit Card', 'Failed'),
    (70030, 20010, 60029, 'Debit Card', 'Paid');
